main_aqi,co,pm_2_5,pm_10,dt2,s1090,s1037,s1081
167,1572.05,126.41,231.71,05:00_19/11/2021,181,173,174
173,1519.02,121.31,225.76,06:00_19/11/2021,170,168,191
170,1192.6,103.24,187.17,07:00_19/11/2021,178,165,186
165,1127.42,94.61,171.61,08:00_19/11/2021,164,161,185
168,1268.71,108.54,196.06,09:00_19/11/2021,159,169,184
165,1132.96,95.94,171.94,10:00_19/11/2021,174,174,175
157,914.68,76.19,135.31,11:00_19/11/2021,182,169,169
154,998.63,82.41,147.14,12:00_19/11/2021,179,163,168
154,1019.06,84.56,150.52,13:00_19/11/2021,181,160,168
150,919.2,73.4,129.78,14:00_19/11/2021,179,158,164
146,870.14,73.83,131.37,15:00_19/11/2021,182,157,162
148,938.89,79.87,141.67,16:00_19/11/2021,176,156,161
147,948.18,76.5,135.94,17:00_19/11/2021,178,153,155
130,766.69,57.71,100.9,18:00_19/11/2021,200,135,141
113,696.6,48.46,85.8,19:00_19/11/2021,219,112,132
113,749.19,58.16,103.61,20:00_19/11/2021,186,106,144
156,1187.31,118.51,214.49,21:00_19/11/2021,162,96,147
172,1552.63,133.4,240.73,22:00_19/11/2021,152,98,142
161,1038.12,79.1,140.03,23:00_19/11/2021,162,101,140
147,770.76,61.02,109.31,00:00_20/11/2021,165,106,144
145,931.54,76.35,135.6,01:00_20/11/2021,166,107,146
165,1522.71,123.61,223.91,02:00_20/11/2021,164,133,155
170,1387.52,114.51,205.31,03:00_20/11/2021,168,154,170
167,1215.96,99.41,179,04:00_20/11/2021,169,157,177
162,1086.56,89.29,161.82,05:00_20/11/2021,164,155,176
158,1006.25,85.06,153.25,06:00_20/11/2021,161,153,171
154,956.94,79.56,143.13,07:00_20/11/2021,158,151,166
153,1013.33,82.57,147.03,08:00_20/11/2021,155,148,163
164,1458.43,116.59,212.74,09:00_20/11/2021,156,147,163
169,1374.57,111.75,207,10:00_20/11/2021,158,148,164
171,1402.36,112.18,209.35,11:00_20/11/2021,172,152,170
170,1364.98,109.29,202.82,12:00_20/11/2021,167,160,177
163,1065.51,83.28,150.94,13:00_20/11/2021,169,161,170
139,740.26,50.45,89.03,14:00_20/11/2021,169,154,153
114,700.36,43.52,76.64,15:00_20/11/2021,150,131,120
87,581.76,25.56,43.56,16:00_20/11/2021,112,95,91
79,631.93,32.47,55.35,17:00_20/11/2021,98,79,79
75,625.06,32.6,54.6,18:00_20/11/2021,89,73,77
73,621.2,33.03,56.16,19:00_20/11/2021,85,67,78
72,608.86,32.65,57.4,20:00_20/11/2021,87,70,88
74,636.65,35.7,60.82,21:00_20/11/2021,102,71,94
75,608.33,35.09,59.62,22:00_20/11/2021,107,73,94
77,647.25,38.03,65.33,23:00_20/11/2021,104,73,94
78,629.37,37.19,65.06,00:00_21/11/2021,95,76,96
80,655,39.79,69.03,01:00_21/11/2021,86,77,99
77,618.41,34.09,59.64,02:00_21/11/2021,87,72,93
73,599.78,30.09,53.33,03:00_21/11/2021,83,71,89
71,584.36,28.58,48.78,04:00_21/11/2021,82,67,85
67,551.35,25.98,44.49,05:00_21/11/2021,82,61,81
64,583.27,25.71,44.47,06:00_21/11/2021,86,59,76
95,849.71,66.44,116.69,07:00_21/11/2021,101,61,78
122,995.52,79.54,139.52,08:00_21/11/2021,104,98,100
107,679.66,44.97,79.15,09:00_21/11/2021,100,100,104
93,649.29,37.56,64.95,10:00_21/11/2021,90,90,103
102,846.49,57.16,99.64,11:00_21/11/2021,74,81,88
136,1094.02,92.19,161.31,12:00_21/11/2021,66,117,79
129,880.96,62.88,111.24,13:00_21/11/2021,63,136,67
89,540.44,19.73,33,14:00_21/11/2021,61,106,58
67,533.96,17.19,28.81,15:00_21/11/2021,59,76,48
53,513.57,13.75,23.15,16:00_21/11/2021,98,59,43
49,528.19,17.27,29.16,17:00_21/11/2021,120,56,47
54,585.14,24.78,41.93,18:00_21/11/2021,104,61,55
59,592.94,28.13,48.17,19:00_21/11/2021,105,69,66
66,608.64,34.51,60.07,20:00_21/11/2021,100,70,78
68,613.14,31.55,55.75,21:00_21/11/2021,94,77,82
69,615.15,31.72,56.2,22:00_21/11/2021,93,71,81
56,521.18,15.7,26.67,23:00_21/11/2021,85,57,66
45,498.67,12.75,21.31,00:00_22/11/2021,85,51,57
41,506.65,14.63,24.19,01:00_22/11/2021,78,56,53
55,590.35,29.31,50.43,02:00_22/11/2021,81,68,61
64,611.46,34.34,58.91,03:00_22/11/2021,73,77,75
75,674.44,41.69,75.34,04:00_22/11/2021,50,76,82
51,448.43,5.56,10.65,05:00_22/11/2021,31,51,58
41,459.49,12.69,22.28,06:00_22/11/2021,52,32,38
27,441.46,5.15,9.71,07:00_22/11/2021,75,22,25
22,462.64,6.43,12.49,08:00_22/11/2021,53,17,19
20,464.88,7.19,12.9,09:00_22/11/2021,39,15,16
23,482.94,10.27,17.45,10:00_22/11/2021,31,14,16
21,469.82,7.89,14.32,11:00_22/11/2021,43,15,15
18,458.82,6.27,11.48,12:00_22/11/2021,32,14,14
16,453.99,5.4,10.59,13:00_22/11/2021,39,13,13
15,454.78,5.57,10.43,14:00_22/11/2021,54,13,13
15,454.59,6.03,10.94,15:00_22/11/2021,53,13,13
14,450.65,5.22,10,16:00_22/11/2021,75,13,13
14,461.7,5.98,10.52,17:00_22/11/2021,70,13,14
15,467.84,6.2,10.67,18:00_22/11/2021,79,16,18
22,496.64,11.68,19.68,19:00_22/11/2021,82,28,32
35,528.99,18.76,32.71,20:00_22/11/2021,66,35,41
24,449.14,5.1,10.05,21:00_22/11/2021,59,24,33
19,457.13,5.51,10.67,22:00_22/11/2021,41,22,25
17,467.92,5.92,10.58,23:00_22/11/2021,27,18,19
15,453.74,5.19,10.02,00:00_23/11/2021,20,17,16
14,456.09,5.56,10.07,01:00_23/11/2021,16,15,14
14,446.59,5.1,10.03,02:00_23/11/2021,14,14,14
13,441.46,4.79,9.66,03:00_23/11/2021,13,13,13
13,439.48,5,9.76,04:00_23/11/2021,13,13,12
13,449.67,5.05,9.75,05:00_23/11/2021,13,13,13
13,445.8,5.34,10.2,06:00_23/11/2021,15,17,14
13,446.68,5.35,10.13,07:00_23/11/2021,28,16,16
23,487.46,13.08,23.17,08:00_23/11/2021,50,18,20
33,514.42,17.46,30.48,09:00_23/11/2021,46,22,28
39,521.28,17.63,30.68,10:00_23/11/2021,46,22,28
35,497.94,12.43,21.57,11:00_23/11/2021,41,22,31
28,471.62,8.59,14.18,12:00_23/11/2021,31,22,29
27,477.98,10.35,16.69,13:00_23/11/2021,36,20,27
30,490.99,12.93,21.3,14:00_23/11/2021,46,20,27
31,479.51,12.89,22.53,15:00_23/11/2021,50,23,29
52,560.95,29.44,50.67,16:00_23/11/2021,61,43,51
68,618.41,40.38,70.24,17:00_23/11/2021,71,60,75
82,666.87,48.25,85.13,18:00_23/11/2021,124,71,89
86,626.23,43.5,76.63,19:00_23/11/2021,144,77,97
86,637.17,41.26,74.3,20:00_23/11/2021,106,70,95
85,565.42,40.84,71.71,21:00_23/11/2021,88,55,83
82,650.11,37.82,66.21,22:00_23/11/2021,82,48,70
84,661.31,41.65,72.65,23:00_23/11/2021,71,47,70
76,576.18,30.27,53.24,00:00_24/11/2021,64,45,68
78,644.54,37.96,67.16,01:00_24/11/2021,59,38,60
62,517.3,17.57,30.51,02:00_24/11/2021,56,35,55
47,481.08,10.22,17.46,03:00_24/11/2021,49,30,45
43,514.01,15.41,27.59,04:00_24/11/2021,42,32,43
48,522.86,21.13,38.47,05:00_24/11/2021,54,42,51
44,500.56,16.25,28.31,06:00_24/11/2021,47,45,54
37,480.71,11.75,20.5,07:00_24/11/2021,93,41,49
44,516.5,20.32,35.1,08:00_24/11/2021,91,42,45
43,511.93,17.13,30.39,09:00_24/11/2021,78,41,47
40,502.21,14.9,25.86,10:00_24/11/2021,74,32,40
37,502.83,13.41,22.88,11:00_24/11/2021,71,59,37
35,492.91,13.12,22.53,12:00_24/11/2021,52,68,36
38,508.66,16.35,28.76,13:00_24/11/2021,37,54,35
41,508.33,18,31.1,14:00_24/11/2021,39,44,38
56,576.64,30.79,54.52,15:00_24/11/2021,60,44,53
75,677.89,46.92,83.25,16:00_24/11/2021,73,58,73
79,653.31,40.09,71.48,17:00_24/11/2021,74,69,79
80,633.78,38.56,69.5,18:00_24/11/2021,92,69,73
85,654.63,43.52,76.23,19:00_24/11/2021,96,77,84
86,620.18,41.93,75.22,20:00_24/11/2021,79,83,86
89,673.26,45.31,79.37,21:00_24/11/2021,71,97,91
76,562.43,27.94,47.75,22:00_24/11/2021,67,85,85
74,589.8,32.9,57.74,23:00_24/11/2021,58,82,86
77,621.92,38.73,67.76,00:00_25/11/2021,54,85,92
78,612.57,37.21,65.76,01:00_25/11/2021,51,84,92
77,591.47,34.61,60.05,02:00_25/11/2021,50,80,88
73,582.32,30.18,52.35,03:00_25/11/2021,60,74,83
67,557.88,25.65,44.65,04:00_25/11/2021,71,72,77
69,595.36,32.81,56.9,05:00_25/11/2021,67,71,76
70,591.88,32.83,57.17,06:00_25/11/2021,61,74,80
74,605.43,37.75,66.08,07:00_25/11/2021,93,77,82
78,632.04,39.79,69.57,08:00_25/11/2021,98,78,83
86,711.51,47.21,82.26,09:00_25/11/2021,90,69,77
103,798.55,60.92,106.78,10:00_25/11/2021,72,67,75
91,631.46,37.59,67.44,11:00_25/11/2021,59,66,76
86,656.39,38.59,68.29,12:00_25/11/2021,52,70,76
74,566.56,27.06,46.25,13:00_25/11/2021,55,68,75
69,567.29,28.49,48.87,14:00_25/11/2021,55,66,75
67,554.23,29.07,51.42,15:00_25/11/2021,51,67,77
71,609.48,35.19,61.37,16:00_25/11/2021,51,67,76
66,570.11,26.38,46.08,17:00_25/11/2021,73,65,75
66,588.05,29.98,51.78,18:00_25/11/2021,131,68,76
81,706.01,47.26,83.16,19:00_25/11/2021,163,79,83
93,740.87,53.33,94.75,20:00_25/11/2021,178,93,115
105,781.27,59.88,105.45,21:00_25/11/2021,193,104,133
105,690.41,52.8,95.14,22:00_25/11/2021,198,102,132
115,851.01,65.41,118.49,23:00_25/11/2021,188,102,131
105,699.29,47,82.94,00:00_26/11/2021,179,103,127
119,858.27,69.81,125.76,01:00_26/11/2021,181,115,126
139,1025.94,85.91,155.03,02:00_26/11/2021,167,136,148
152,1089.98,91.88,165.39,03:00_26/11/2021,151,150,157
152,958.74,82.84,148.38,04:00_26/11/2021,126,138,161
143,864.55,68.73,124.24,05:00_26/11/2021,105,131,158
127,747.79,55.75,99.13,06:00_26/11/2021,100,119,150
129,837.16,68.25,122.5,07:00_26/11/2021,150,123,152
133,895.69,72.06,126.24,08:00_26/11/2021,154,126,152
134,890.81,70.71,126.06,09:00_26/11/2021,137,128,149
148,1029.56,87.4,156.21,10:00_26/11/2021,124,130,150
129,769.06,55.94,98.91,11:00_26/11/2021,86,123,144
111,683.87,46.09,79.36,12:00_26/11/2021,68,111,124
98,651.12,40.92,70.6,13:00_26/11/2021,58,104,116
85,586.25,33,56.27,14:00_26/11/2021,54,89,103
68,535.86,20.35,34.82,15:00_26/11/2021,58,68,82
68,579.44,30.92,52.8,16:00_26/11/2021,57,59,75
69,604.12,32.13,55.94,17:00_26/11/2021,103,58,70
78,676.62,41.88,74.12,18:00_26/11/2021,160,64,71
87,707.16,47.24,85,19:00_26/11/2021,193,83,86
135,1205.37,100.21,182.12,20:00_26/11/2021,192,98,118
155,1183.08,103.19,187,21:00_26/11/2021,191,128,153
155,1038.48,85.57,154.67,22:00_26/11/2021,173,150,157
158,1144.02,96.81,178.31,23:00_26/11/2021,161,158,163
179,2174.35,149.53,273.06,00:00_27/11/2021,153,160,174
183,1661.07,132.67,241.34,01:00_27/11/2021,137,159,189
172,1104.92,96.33,174.19,02:00_27/11/2021,132,155,180
170,1230.01,103.26,189.47,03:00_27/11/2021,123,152,176
166,1158.77,97.61,176.52,04:00_27/11/2021,119,140,173
166,1224.94,101.85,185.75,05:00_27/11/2021,116,148,167
152,837.67,64.59,113.59,06:00_27/11/2021,118,147,155
140,807.39,64.5,113.63,07:00_27/11/2021,133,140,150
147,997.31,82.35,146.47,08:00_27/11/2021,148,140,148
152,1048.8,87.39,154.18,09:00_27/11/2021,148,138,151
146,795.51,72.36,128.64,10:00_27/11/2021,122,126,140
111,607.34,36.12,64.51,11:00_27/11/2021,93,93,107
87,581.22,27.33,47.79,12:00_27/11/2021,81,79,91
78,579.16,32.07,55.53,13:00_27/11/2021,75,74,83
73,585.08,30.94,53.97,14:00_27/11/2021,73,72,82
72,594.66,32.4,56.08,15:00_27/11/2021,71,72,81
72,598.62,33.21,57.24,16:00_27/11/2021,68,72,83
71,596.36,32.53,55.73,17:00_27/11/2021,78,66,78
78,625.59,40.59,70.38,18:00_27/11/2021,103,70,78
82,635.67,41.39,73.31,19:00_27/11/2021,150,79,88
87,674.64,45.6,81.07,20:00_27/11/2021,143,84,93
88,630.33,43.6,76.85,21:00_27/11/2021,182,93,100
83,625.88,35.76,62.59,22:00_27/11/2021,170,98,99
84,636.32,42.41,75.97,23:00_27/11/2021,170,111,106
89,695.73,47.88,83.88,00:00_28/11/2021,170,121,120
94,692.98,50.6,90.93,01:00_28/11/2021,170,126,126
97,730.2,51.88,92.3,02:00_28/11/2021,197,117,120
96,678.77,46.7,83.17,03:00_28/11/2021,196,109,114
95,668.01,45.27,80.69,04:00_28/11/2021,175,103,108
123,946.19,80.86,146.68,05:00_28/11/2021,164,130,135
151,1129.14,98.69,178,06:00_28/11/2021,151,152,155
157,1151.14,97.82,175.53,07:00_28/11/2021,145,161,161
162,1185.84,104.81,187.88,08:00_28/11/2021,151,163,164
166,1247.83,108.48,198.35,09:00_28/11/2021,140,164,161
164,1106.23,95.9,172.63,10:00_28/11/2021,126,157,163
151,813.46,63.61,112.68,11:00_28/11/2021,107,139,151
135,791.67,60.16,104.93,12:00_28/11/2021,90,113,138
119,716.69,51.69,90.44,13:00_28/11/2021,77,98,128
109,682.96,49.2,86.27,14:00_28/11/2021,70,96,121
97,623.96,40.83,70.97,15:00_28/11/2021,62,89,106
97,710.9,47.99,84.52,16:00_28/11/2021,60,88,98
97,719.21,48.37,85.15,17:00_28/11/2021,75,91,100
111,871.83,65.35,115.41,18:00_28/11/2021,128,104,111
136,1029.31,86.44,155.38,19:00_28/11/2021,183,131,126
149,1080.27,87.84,157.79,20:00_28/11/2021,204,145,145
159,1287.37,105.06,189.55,21:00_28/11/2021,222,157,154
176,1730.2,140.02,254.4,22:00_28/11/2021,249,172,165
185,1832.86,142.49,258.52,23:00_28/11/2021,256,179,173
184,1440.56,125.53,229.67,00:00_29/11/2021,262,189,189
189,1829.84,141.12,260.12,01:00_29/11/2021,255,209,206
189,1647.38,135.13,249.75,02:00_29/11/2021,220,196,209
177,1142.38,99.63,179.94,03:00_29/11/2021,192,178,189
173,1279.44,106.94,193.24,04:00_29/11/2021,177,170,179
175,1379.26,118.25,213.86,05:00_29/11/2021,157,171,180
175,1311.33,112.97,205,06:00_29/11/2021,151,178,182
172,1217.06,102.63,184.46,07:00_29/11/2021,161,174,178
172,1320.82,109.21,198.21,08:00_29/11/2021,172,172,174
172,1338.93,111.16,200.9,09:00_29/11/2021,164,162,169
164,1013.24,84.03,148.63,10:00_29/11/2021,148,156,161
162,1823.46,93.18,164.47,11:00_29/11/2021,117,149,152
152,875.87,70.69,123.44,12:00_29/11/2021,98,136,146
128,703.23,50.98,89.16,13:00_29/11/2021,85,110,121
113,706.99,48.93,85.41,14:00_29/11/2021,73,97,113
103,691.7,46.27,82.94,15:00_29/11/2021,68,97,106
100,724.45,47.84,86.2,16:00_29/11/2021,68,96,101
58,-1,-1,-1,17:00_29/11/2021,83,92,97
92,836.91,65.09,120.12,18:00_29/11/2021,102,92,107
110,875.19,66.6,122.03,19:00_29/11/2021,132,103,140
123,896.66,71.32,127,20:00_29/11/2021,163,146,159
139,1058.47,83.24,147.42,21:00_29/11/2021,189,159,171
151,1118.94,89.87,161.51,22:00_29/11/2021,205,164,173
140,833.17,65.24,116.73,23:00_29/11/2021,203,160,160
130,740.5,61.21,108.14,00:00_30/11/2021,199,171,151
131,864.52,70,124.27,01:00_30/11/2021,199,183,146
161,1453.8,122.15,220.34,02:00_30/11/2021,182,181,166
169,1397.05,117.13,214.67,03:00_30/11/2021,162,169,172
157,896.61,73.13,131,04:00_30/11/2021,145,142,152
120,615.49,34.88,61.65,05:00_30/11/2021,144,113,122
99,616.04,37.06,66.13,06:00_30/11/2021,133,100,106
88,623.25,35.81,64.43,07:00_30/11/2021,122,96,101
84,633.64,37.6,66.34,08:00_30/11/2021,108,94,99
79,607.7,34.34,60.57,09:00_30/11/2021,99,88,96
72,568,28.9,51.94,10:00_30/11/2021,90,80,89
68,574.48,28.33,49.42,11:00_30/11/2021,74,71,81
63,557.98,24.66,43.33,12:00_30/11/2021,67,65,74
57,523.8,20.73,35.22,13:00_30/11/2021,59,59,68
52,507.74,18.02,30.3,14:00_30/11/2021,54,56,61
51,527.88,19.57,33.45,15:00_30/11/2021,51,58,60
62,606.39,34.54,59.03,16:00_30/11/2021,51,64,74
64,578.13,28.91,49.54,17:00_30/11/2021,58,60,70
72,634.9,38.37,66.43,18:00_30/11/2021,171,64,77
100,854.64,66.93,121,19:00_30/11/2021,209,83,93
123,912.15,77.6,137.81,20:00_30/11/2021,193,95,117
123,831.5,64.24,113.88,21:00_30/11/2021,178,109,127
125,832.11,65.64,117.27,22:00_30/11/2021,166,118,134
112,708.69,49.99,87.63,23:00_30/11/2021,162,122,128
96,628.99,38.01,66.88,00:00_01/12/2021,153,112,116
79,553.62,27.53,47.4,01:00_01/12/2021,134,96,101
71,553.67,27.6,47.93,02:00_01/12/2021,112,86,90
70,589.96,30.82,53.59,03:00_01/12/2021,105,76,83
69,581.42,31.03,53.62,04:00_01/12/2021,101,72,78
63,556.96,24.79,43.61,05:00_01/12/2021,95,72,79
63,571.5,27.58,48.55,06:00_01/12/2021,99,74,79
63,570.75,27.4,47.81,07:00_01/12/2021,104,77,80
65,598.12,30.35,54.35,08:00_01/12/2021,96,80,81
63,569.08,26.59,46.47,09:00_01/12/2021,80,72,77
65,581.36,30.47,53.94,10:00_01/12/2021,65,63,70
63,535.05,25.19,42.93,11:00_01/12/2021,59,60,68
63,551.93,26.31,45.8,12:00_01/12/2021,55,59,69
75,960.73,45.19,86.87,13:00_01/12/2021,51,54,65
62,505.43,18.48,31,14:00_01/12/2021,46,51,62
55,508.95,18.3,31.24,15:00_01/12/2021,42,51,59
51,508.85,18.15,31.69,16:00_01/12/2021,42,48,56
51,528.35,20.51,35.55,17:00_01/12/2021,49,49,55
55,561.77,25.07,43.19,18:00_01/12/2021,85,56,60
63,602.36,33.25,59.69,19:00_01/12/2021,146,80,72
75,662.55,41.47,73.29,20:00_01/12/2021,168,95,99
85,690.01,47.28,85,21:00_01/12/2021,163,108,108
107,631.9,67.76,119.06,22:00_01/12/2021,152,111,109
89,577.1,32.36,55.72,23:00_01/12/2021,144,99,100
93,586.29,48,86.45,00:00_02/12/2021,156,117,96
120,782.62,78.57,144.22,01:00_02/12/2021,157,131,131
115,667.94,55.98,102.21,02:00_02/12/2021,170,129,126
106,634.51,47.83,87.33,03:00_02/12/2021,170,131,125
99,620.05,45.78,82.43,04:00_02/12/2021,170,127,126
96,597.97,45.21,81.91,05:00_02/12/2021,158,135,132
101,680.96,54.27,101.29,06:00_02/12/2021,137,147,144
104,658.84,54.02,99.52,07:00_02/12/2021,126,151,146
111,711.83,61.23,112.28,08:00_02/12/2021,135,128,122
98,606.39,40.86,74.78,09:00_02/12/2021,146,109,106
84,559.24,32.37,56.44,10:00_02/12/2021,116,87,89
78,590.82,32.76,60.64,11:00_02/12/2021,85,76,80
66,527.94,22,37.82,12:00_02/12/2021,69,64,72
56,491.21,18.4,32.09,13:00_02/12/2021,57,56,65
50,486.51,16.47,28.18,14:00_02/12/2021,50,47,55
44,486.22,14.8,24.93,15:00_02/12/2021,46,42,51
45,509.22,18.9,33.08,16:00_02/12/2021,44,42,51
54,529.94,26.7,46.3,17:00_02/12/2021,50,53,55
65,602.16,35.4,62.7,18:00_02/12/2021,90,68,66
102,861.39,74.06,133.13,19:00_02/12/2021,146,84,81
124,871.97,77.75,140.89,20:00_02/12/2021,176,105,107
145,1051.87,89.08,163.78,21:00_02/12/2021,201,127,142
170,1570.69,137.8,255.29,22:00_02/12/2021,249,158,162
178,1576.67,130.54,239.51,23:00_02/12/2021,223,174,172
181,1473.46,128.26,236.79,00:00_03/12/2021,201,178,183
179,1331.83,117.34,214.83,01:00_03/12/2021,196,177,188
168,921.51,88.93,163.57,02:00_03/12/2021,194,170,182
157,871.9,75.54,138.27,03:00_03/12/2021,182,163,176
160,1101.87,97.48,179.83,04:00_03/12/2021,170,156,168
168,1395.99,116.96,218.15,05:00_03/12/2021,162,165,176
163,1058.93,90.15,164.66,06:00_03/12/2021,154,163,176
161,1079.35,91.06,164.24,07:00_03/12/2021,151,161,172
164,1245.18,105.76,193.06,08:00_03/12/2021,152,161,173
171,1349.07,120.65,218.23,09:00_03/12/2021,137,160,173
170,1215.81,106.76,194.83,10:00_03/12/2021,121,156,172
157,841.32,68.88,123.81,11:00_03/12/2021,108,147,161
127,660.53,44,78.12,12:00_03/12/2021,91,117,139
95,521.13,27.84,48.28,13:00_03/12/2021,77,89,107
71,493.59,18.41,31,14:00_03/12/2021,66,69,81
63,523.5,23,38.6,15:00_03/12/2021,59,57,71
62,549.67,26.71,47.06,16:00_03/12/2021,56,55,73
67,586.8,33.75,59.98,17:00_03/12/2021,56,60,77
92,805.8,60.45,110.13,18:00_03/12/2021,76,72,91
132,1096.75,93.45,171.3,19:00_03/12/2021,125,110,112
145,1012.68,84.56,155.06,20:00_03/12/2021,168,133,139
151,1015.48,84.56,154.94,21:00_03/12/2021,186,142,156
156,1168.37,96.12,176.24,22:00_03/12/2021,201,154,166
171,1426.17,130.44,243.84,23:00_03/12/2021,232,169,183
183,1823.17,142.84,266.4,00:00_04/12/2021,265,184,190
191,1863.96,148.06,274.75,01:00_04/12/2021,270,200,196
200,2136.27,163.56,308.13,02:00_04/12/2021,254,235,207
215,2512.09,179.94,345,03:00_04/12/2021,239,223,242
207,1924.79,148.17,283,04:00_04/12/2021,195,200,233
191,1410.38,117.43,219.73,05:00_04/12/2021,175,183,207
179,1254.83,104.71,195.24,06:00_04/12/2021,162,178,195
176,1320.02,111.18,206.47,07:00_04/12/2021,156,188,186
171,1012.18,102.46,184.04,08:00_04/12/2021,154,189,180
169,1194.26,102.33,188.09,09:00_04/12/2021,160,182,175
166,1129.9,96.3,173.55,10:00_04/12/2021,156,172,169
163,1060.05,93.63,169.75,11:00_04/12/2021,136,164,164
152,843.99,69.06,121.71,12:00_04/12/2021,109,154,155
123,661.11,44.94,79.03,13:00_04/12/2021,81,129,138
96,563.03,31.67,55.41,14:00_04/12/2021,66,91,102
87,665.2,37.12,65.71,15:00_04/12/2021,58,70,81
73,535.74,24.63,43.35,16:00_04/12/2021,66,60,68
71,577.03,31.47,54.6,17:00_04/12/2021,70,60,64
70,597,32.12,57.24,18:00_04/12/2021,83,69,80
86,709.33,51.13,91.38,19:00_04/12/2021,133,93,103
116,855.73,77.46,143.92,20:00_04/12/2021,172,123,121
152,1146.72,105.36,193.53,21:00_04/12/2021,191,155,152
156,991.94,94.92,174.69,22:00_04/12/2021,196,155,161
150,894.55,71.91,129.78,23:00_04/12/2021,198,150,156
138,807.27,65.33,118.59,00:00_05/12/2021,222,145,151
128,801.2,61.36,111.24,01:00_05/12/2021,249,142,152
126,809.18,64.63,116.63,02:00_05/12/2021,260,142,153
137,934.63,78.69,141.78,03:00_05/12/2021,239,173,153
153,1062.86,97.4,179.96,04:00_05/12/2021,217,180,157
164,1377.98,114.81,213.33,05:00_05/12/2021,190,191,169
176,1640.54,133.94,250.33,06:00_05/12/2021,177,191,188
189,1987.88,150.96,286.46,07:00_05/12/2021,171,188,193
186,1564.32,128.27,235.48,08:00_05/12/2021,172,190,198
187,1615.45,132.41,243.76,09:00_05/12/2021,171,188,198
175,1137.2,98.12,177.86,10:00_05/12/2021,153,183,184
171,1213.83,104.39,188.82,11:00_05/12/2021,118,175,177
155,794.71,64.9,114.68,12:00_05/12/2021,99,160,165
131,693.52,50.33,87.97,13:00_05/12/2021,87,130,147
107,637.72,39.91,70.69,14:00_05/12/2021,81,99,119
92,593.78,36.26,63.18,15:00_05/12/2021,78,86,100
88,601.43,40.82,70.31,16:00_05/12/2021,85,83,92
100,745.9,57.06,101.06,17:00_05/12/2021,98,93,100
129,1010.74,85.35,154.53,18:00_05/12/2021,110,114,118
152,1152.2,97.47,177.76,19:00_05/12/2021,123,154,139
162,1299.55,109.79,202.24,20:00_05/12/2021,150,167,154
168,1378.81,115.06,212.79,21:00_05/12/2021,258,179,164
175,1547,125.29,231.06,22:00_05/12/2021,295,190,178
179,1552.85,125.71,235.41,23:00_05/12/2021,331,193,180
182,1591.36,128.12,240.9,00:00_06/12/2021,261,192,185
185,1658.24,133.01,247.16,01:00_06/12/2021,242,195,191
185,1587.65,129.06,242.49,02:00_06/12/2021,237,136,132
188,1720.01,138.88,257.27,03:00_06/12/2021,240,173,174
191,1671.18,141.13,261.54,04:00_06/12/2021,253,184,197
181,1212.02,103.18,190.12,05:00_06/12/2021,339,180,198
174,1045.48,93.63,172.94,06:00_06/12/2021,257,182,187
168,1017.67,91.25,167,07:00_06/12/2021,229,174,181
165,1046.73,94.03,171.11,08:00_06/12/2021,209,173,178
171,1517.76,125.16,233.94,09:00_06/12/2021,183,175,182
178,1606.73,135.41,250.14,10:00_06/12/2021,167,175,185
174,1234.43,104.94,190.31,11:00_06/12/2021,153,167,179
154,745.2,56.56,101.38,12:00_06/12/2021,123,141,159
114,578.55,31.56,56.06,13:00_06/12/2021,93,105,125
90,559.83,29.29,51.13,14:00_06/12/2021,74,81,96
71,519.78,21.61,37.46,15:00_06/12/2021,67,67,78
63,538.15,23.44,41,16:00_06/12/2021,59,61,69
64,579.37,29.34,51.36,17:00_06/12/2021,68,59,68
68,565.2,32.98,57.37,18:00_06/12/2021,80,61,81
75,622.02,38.78,69.82,19:00_06/12/2021,143,151,100
102,885.6,68.06,124.18,20:00_06/12/2021,191,142,122
132,939.99,86.69,160.57,21:00_06/12/2021,198,151,156
146,1051.64,86.72,159.21,22:00_06/12/2021,194,147,162
151,1015.06,84.36,154.45,23:00_06/12/2021,232,135,162
129,747.06,53.24,96.06,00:00_07/12/2021,237,116,154
113,681.79,48.25,85.88,01:00_07/12/2021,295,107,140
119,844.44,64.53,117.94,02:00_07/12/2021,288,107,132
154,1252.57,110.57,207,03:00_07/12/2021,232,157,146
166,1434.76,120,226.83,04:00_07/12/2021,217,174,172
170,1321.9,112.34,211.49,05:00_07/12/2021,213,173,186
177,1136.835,99.435,183.91,06:00_07/12/2021,257,189,96
175,1257.43,109.655,203.78,07:00_07/12/2021,229,183,95
178,1466.935,121.79,226.635,08:00_07/12/2021,209,180,93
184,1783.745,140.245,261.045,09:00_07/12/2021,183,185,94
187,1648.775,139.17,257.27,10:00_07/12/2021,167,185,97
181,1298.74,111.565,203.595,11:00_07/12/2021,153,174,93
161,854.965,68.105,124.045,12:00_07/12/2021,123,156,85
138,794.925,58.87,105.485,13:00_07/12/2021,93,135,74
123,760.005,55.005,97.38,14:00_07/12/2021,74,119,66
111,709.085,47.075,84.08,15:00_07/12/2021,66,102,58
97,646.785,39.75,70.47,16:00_07/12/2021,59,93,53
91,659.09,41.42,73.775,17:00_07/12/2021,68,88,50
94,707.875,48.225,86.45,18:00_07/12/2021,80,88,56
106,797.49,60.315,109.215,19:00_07/12/2021,143,136,67
134,885.04,77.54,142.25,20:00_07/12/2021,158,142,157
122,731.7,55.28,99.65,21:00_07/12/2021,163,128,150
107,670.82,45.77,82.06,22:00_07/12/2021,162,122,138
106,732.7,50.76,89.71,23:00_07/12/2021,167,124,134
100,666.62,44.63,80.5,00:00_08/12/2021,182,126,126
90,609.65,39.54,70.15,01:00_08/12/2021,195,117,116
87,648.73,39.74,70.78,02:00_08/12/2021,218,149,112
113,916.54,74.05,136.56,03:00_08/12/2021,209,196,129
181,3089.29,188.53,377,04:00_08/12/2021,219,214,192
190,1986.66,147.59,283.82,05:00_08/12/2021,232,202,207
179,1228.19,105.24,194.88,06:00_08/12/2021,213,196,199
182,1497.19,128.06,240.56,07:00_08/12/2021,198,192,198
191,1887.14,149.55,282.16,08:00_08/12/2021,183,186,193
197,2049.73,155.33,288.15,09:00_08/12/2021,172,194,195
196,1690.82,142.93,264.4,10:00_08/12/2021,161,194,202
187,1363.05,118.19,216.88,11:00_08/12/2021,153,180,193
168,964.73,79.65,146.71,12:00_08/12/2021,126,170,182
161,1011.3,86.18,154.91,13:00_08/12/2021,111,164,172
156,960.18,80.72,143.63,14:00_08/12/2021,102,156,169
150,898.39,72.54,130.7,15:00_08/12/2021,91,137,155
109,674.8357143,46.56714286,81.93571429,16:00_08/12/2021,82,112,124
102,666.7757143,46.53571429,82.83142857,17:00_08/12/2021,80,105,118
114,735.7871429,66.62428571,120.6171429,18:00_08/12/2021,107,112,132
139,806.4557143,88.05571429,158.0814286,19:00_08/12/2021,142,127,162
165,988.6042857,129.9271429,234.3442857,20:00_08/12/2021,176,159,176
174,961.0742857,125.2271429,227.8257143,21:00_08/12/2021,190,172,187
177,904.6757143,119.3371429,215.5185714,22:00_08/12/2021,194,182,193
180,1035.258571,127.4885714,229.7642857,23:00_08/12/2021,195,190,201
190,1210.798571,148.13,270.8757143,00:00_09/12/2021,201,197,208
184,1120.485714,118.3757143,215.8871429,01:00_09/12/2021,184,186,186
187,1518.634286,136.1971429,248.8328571,02:00_09/12/2021,174,183,189
169,900.3671429,82.49,146.9257143,03:00_09/12/2021,157,171,182
156,754.7842857,70.86,126.5242857,04:00_09/12/2021,149,159,167
147,821.2257143,73.29714286,129.8428571,05:00_09/12/2021,133,149,156
138,792.4971429,67.89714286,122.2957143,06:00_09/12/2021,116,141,149
137,846.7642857,76.27428571,137.9242857,07:00_09/12/2021,113,140,150
161,909.6214286,116.2071429,213.9728571,08:00_09/12/2021,160,160,169
162,985.3157143,96.07428571,173.63,09:00_09/12/2021,153,163,172
157,972.9842857,92.23285714,167.2828571,10:00_09/12/2021,134,164,170
156,1163.891429,101.9371429,183.4742857,11:00_09/12/2021,123,165,169
143,911.8285714,74.11571429,132.7185714,12:00_09/12/2021,100,157,160
133,885.08,69.59714286,123.4942857,13:00_09/12/2021,87,150,155
128,861.0985714,67.29857143,119.53,14:00_09/12/2021,80,145,152
124,837.6814286,66.25,118.3442857,15:00_09/12/2021,74,141,151
127,899.9271429,72.76142857,131.83,16:00_09/12/2021,80,143,152
129,962.2957143,77.75571429,140.9542857,17:00_09/12/2021,81,146,153
136,1085.172857,91.35285714,166.2085714,18:00_09/12/2021,91,152,158
172,1128.435714,146.45,262.76,19:00_09/12/2021,166,178,182
190,1355.768571,164.4342857,299.2571429,20:00_09/12/2021,196,191,191
202,1251.31,166.4957143,304.1942857,21:00_09/12/2021,218,201,199
213,1397.617143,175.24,319.7471429,22:00_09/12/2021,234,211,208
212,1487.874286,162.78,299.1485714,23:00_09/12/2021,222,213,216
205,1664.978571,144.8028571,266.6514286,00:00_10/12/2021,193,206,211
201,1581.255102,139.2034694,256.5136735,01:00_10/12/2021,183,205,211
197,1494.223265,136.1363265,249.0818367,02:00_10/12/2021,175,205,212
188,1314.359388,121.3691836,222.2579592,03:00_10/12/2021,164,201,204
179,1033.043469,103.5946939,187.5087755,04:00_10/12/2021,159,188,193
175,1260.911429,113.9346939,206.9714286,05:00_10/12/2021,149,177,190
171,1319.768979,116.1040816,212.0087755,06:00_10/12/2021,138,169,192
164,945.8867347,96.99428571,174.4340816,07:00_10/12/2021,137,166,185
175,968.3148979,118.61,216.0961224,08:00_10/12/2021,170,175,186
177,1418.047551,126.0363265,231.0532653,09:00_10/12/2021,163,172,184
174,1485.128367,120.2491836,220.257551,10:00_10/12/2021,147,172,195
169,1238.311429,106.1567347,192.0261224,11:00_10/12/2021,135,169,202
157,1027.024898,89.54877551,162.4002041,12:00_10/12/2021,117,163,195
152,1049.658367,89.06734694,161.1510204,13:00_10/12/2021,109,158,183
139,746.2793878,67.70877551,119.0471429,14:00_10/12/2021,105,146,166
131,767.2418367,64.78591836,115.4206122,15:00_10/12/2021,101,140,156
133,831.7434694,74.42061224,133.1704081,16:00_10/12/2021,105,142,157
134,811.2663265,75.43938776,133.6183674,17:00_10/12/2021,106,144,157
129,700.5630612,60.79448979,106.9530612,18:00_10/12/2021,109,135,151
142,694.7810204,91.6863265,162.9012245,19:00_10/12/2021,162,139,160
148,696.6657143,100.2412245,179.1228571,20:00_10/12/2021,184,144,165
153,707.0128571,103.5532653,185.9457143,21:00_10/12/2021,199,151,168
159,722.2138776,107.8179592,192.3287755,22:00_10/12/2021,212,156,173
156,703.2983674,96.80326529,172.1579592,23:00_10/12/2021,204,157,171
151,735.8120408,85.53673469,151.7918367,00:00_11/12/2021,185,151,167
151,788.3328571,99.36857143,176.9542857,01:00_11/12/2021,175,152,168
156,819.3571429,98.75142857,178.0785714,02:00_11/12/2021,176,160,172
161,848.23,102.9157143,184.79,03:00_11/12/2021,178,161,176
169,885.6928571,119.0285714,214.9842857,04:00_11/12/2021,188,166,184
174,867.0385714,120.3342857,219.6642857,05:00_11/12/2021,197,169,187
175,859.45,114.6357143,207.9442857,06:00_11/12/2021,198,172,186
172,844.0528571,108.1057143,194.8085714,07:00_11/12/2021,194,174,184
172,872.6457143,113.17,206.3357143,08:00_11/12/2021,195,174,186
169,827.1557143,99.26571429,177.7085714,09:00_11/12/2021,189,171,183
157,701.3271429,71.26714286,125.9271429,10:00_11/12/2021,171,161,172
143,689.6585714,60.11428571,105.67,11:00_11/12/2021,153,152,162
122,639.8214286,52.72571429,92.43857143,12:00_11/12/2021,135,132,149
109,614.7271429,47.43142857,82.77,13:00_11/12/2021,121,118,140
103,624.4114286,48.31285714,85.24428571,14:00_11/12/2021,115,110,137
98,639.1285714,45.22857143,79.26142857,15:00_11/12/2021,104,103,127
99,658.7842857,50.14428571,87.88571429,16:00_11/12/2021,100,102,128
104,683.1657143,55.72285714,98.43285714,17:00_11/12/2021,106,108,133
118,668.6828571,68.96,122.9357143,18:00_11/12/2021,136,119,142
139,736.6914286,97.9,175.9471429,19:00_11/12/2021,169,140,163
154,849.5528571,104.0757143,187.6257143,20:00_11/12/2021,177,155,174
160,850.8885714,98.61571429,176.9414286,21:00_11/12/2021,176,162,178
156,742.7428571,93.00428571,166.1171429,22:00_11/12/2021,180,160,174
161,788.1014286,105.7985714,191.3871429,23:00_11/12/2021,189,151,177
175,697.3428571,99.09428571,180.6514286,00:00_12/12/2021,193,171,183
176,711.0157143,104.7371429,190.9171429,01:00_12/12/2021,202,170,183
172,679.36,88.59428571,158.1528571,02:00_12/12/2021,195,168,179
169,685.9657143,80.69142857,143.83,03:00_12/12/2021,184,167,175
171,785.46,91.32857143,165.0471429,04:00_12/12/2021,179,171,173
173,803.5657143,94.01714286,169.0542857,05:00_12/12/2021,178,174,176
175,812.2642857,94.96857143,171.5057143,06:00_12/12/2021,179,176,178
176,781.8414286,102.7885714,185.4642857,07:00_12/12/2021,183,176,179
179,800.0914286,119.0071429,214.71,08:00_12/12/2021,196,182,183
189,1447.322857,151.6785714,280.8685714,09:00_12/12/2021,198,196,197
191,1438.182857,138.7371429,254.3714286,10:00_12/12/2021,186,201,207
185,1038.212857,98.12714286,178.53,11:00_12/12/2021,166,192,197
178,832.9614286,80.60428571,146.6271429,12:00_12/12/2021,152,186,188
169,743.6942857,63.38857143,112.4885714,13:00_12/12/2021,125,175,180
160,658.3038095,51.15952381,90.00619048,14:00_12/12/2021,112,168,171
153,645.7342857,48.56095238,85.59666666,15:00_12/12/2021,103,157,165
148,642.3890476,46.87476191,82.81619048,16:00_12/12/2021,98,155,162
152,701.3142857,59.93523809,106.0861905,17:00_12/12/2021,108,159,166
162,771.5893492,83.37003174,149.1095159,18:00_12/12/2021,136,170,174
168,731.8001349,94.41404764,170.6484921,19:00_12/12/2021,166,174,179
160,565.1891349,71.35601587,128.4719921,20:00_12/12/2021,175,160,170
152,528.7541984,56.62584127,100.8098809,21:00_12/12/2021,173,155,155
148,524.6486349,58.85522222,104.9301508,22:00_12/12/2021,175,151,147
146,517.7053651,68.12826191,125.0229762,23:00_12/12/2021,186,146,143
144,515.8967064,63.84607143,117.2244921,00:00_13/12/2021,186,144,139
149,522.5870436,78.40428571,144.1920238,01:00_13/12/2021,209,142,140
147,521.1426389,67.11974206,120.6947024,02:00_13/12/2021,202,142,140
142,522.3184921,52.81150794,95.00557543,03:00_13/12/2021,182,140,136
140,514.5092857,52.84583334,95.52720236,04:00_13/12/2021,176,138,134
139,511.8897619,54.25452381,97.51341271,05:00_13/12/2021,174,138,133
142,520.1015674,56.50573413,101.2222817,06:00_13/12/2021,186,138,134
143,524.7842857,62.65178571,112.5114881,07:00_13/12/2021,182,138,133
144,530.5754564,72.00964286,129.6887699,08:00_13/12/2021,187,136,136
144,534.2293452,60.90470238,108.3206746,09:00_13/12/2021,182,136,135
141,517.9526191,45.63226191,80.5300595,10:00_13/12/2021,171,133,134
137,516.6044246,37.10621031,64.36198413,11:00_13/12/2021,155,133,131
135,526.2122024,33.38886905,57.91553571,12:00_13/12/2021,138,132,131
130,529.2731429,25.88790476,44.19773016,13:00_13/12/2021,109,129,130
130,526.1869841,30.22286508,51.97346826,14:00_13/12/2021,107,129,131
129,526.0943809,28.59738889,49.38618651,15:00_13/12/2021,104,130,131
131,544.9738016,34.25756349,59.11870635,16:00_13/12/2021,102,133,134
137,561.7366666,45.28286508,79.5403254,17:00_13/12/2021,114,140,140
144,602.5318571,60.68628571,109.1580714,18:00_13/12/2021,132,147,147
153,613.5727857,80.53071429,145.9207143,19:00_13/12/2021,165,158,153
160,603.9426429,94.84042857,173.0569286,20:00_13/12/2021,189,162,157
163,648.0616429,88.60228571,159.9125,21:00_13/12/2021,191,163,157
169,738.1125714,98.419,177.4523571,22:00_13/12/2021,193,166,160
174,700.2522857,111.8819286,206.8775,23:00_13/12/2021,212,170,166
175,701.5282143,101.5410714,187.083,00:00_14/12/2021,208,170,168
187,712.6916071,129.7871429,239.3789286,01:00_14/12/2021,261,178,179
186,705.2126786,117.5801786,214.2498214,02:00_14/12/2021,255,180,180
176,657.7735714,91.00785714,167.1548214,03:00_14/12/2021,215,185,174
174,685.3278571,95.4375,174.8673214,04:00_14/12/2021,206,182,173
177,780.3892857,106.7264286,195.4907143,05:00_14/12/2021,203,180,170
184,735.0751786,104.5448214,188.3258929,06:00_14/12/2021,235,177,174
183,800.2442857,106.8582143,192.7430357,07:00_14/12/2021,216,172,172
186,989.75875,123.1832143,226.7310714,08:00_14/12/2021,202,171,170
180,800.1451786,88.93696429,160.4839286,09:00_14/12/2021,183,170,168
176,727.6435714,79.25678571,142.7416071,10:00_14/12/2021,170,170,172
169,660.1780357,66.96910714,118.7821429,11:00_14/12/2021,159,172,173
159,635.8851786,54.91517857,97.19517857,12:00_14/12/2021,135,169,169
148,603.348,41.03514286,73.41985714,13:00_14/12/2021,97,162,162
153,620.4514286,58.96857143,104.8114286,14:00_14/12/2021,112,165,166
155,681.9328571,61.72571429,110.7428571,15:00_14/12/2021,112,166,167
157,729.8942857,64.31714286,113.9314286,16:00_14/12/2021,113,166,168
161,685.9771429,71.61428571,128.1828571,17:00_14/12/2021,127,169,172
169,726.0614286,93.01285714,168.6828571,18:00_14/12/2021,158,178,176
172,679.6885714,102.2157143,186.1342857,19:00_14/12/2021,180,183,180
180,851.6285714,120.9528571,221.2428571,20:00_14/12/2021,194,185,187
182,834.0442857,113.17,206.1585714,21:00_14/12/2021,194,187,189
182,798.4671429,111.2757143,202.8828571,22:00_14/12/2021,197,187,188
184,785.0357143,116.9014286,216.8471429,23:00_14/12/2021,209,188,188
167,751.5385714,100.8628571,185.5757143,00:00_15/12/2021,201,178,178
189,702.255875,128.0161429,236.4693214,01:00_15/12/2021,255,196,191
186,760.199125,121.1310179,220.8455536,02:00_15/12/2021,250,192,189
171,780.2270714,101.0770714,185.204625,03:00_15/12/2021,213,195,178
171,837.2539286,109.78575,201.8744464,04:00_15/12/2021,205,192,179
174,904.5609286,118.1979286,218.4230714,05:00_15/12/2021,203,200,182
194,1015.327375,133.9619107,245.5345893,06:00_15/12/2021,231,207,193
189,1056.179143,126.4998214,232.4414464,07:00_15/12/2021,213,210,192
184,964.7641607,122.7393214,227.5309643,08:00_15/12/2021,201,203,196
178,1089.829661,112.507125,207.9785357,09:00_15/12/2021,183,194,195
172,978.0877857,102.9353929,190.517875,10:00_15/12/2021,172,196,188
173,1208.006661,114.8221964,213.4707857,11:00_15/12/2021,162,199,180
165,1083.162518,103.2692321,191.7408036,12:00_15/12/2021,141,197,169
160,1283.700286,106.1988571,199.1088214,13:00_15/12/2021,120,190,169
164,1156.713929,108.0139286,200.3303571,14:00_15/12/2021,130,190,190
162,1105.299643,103.7885714,192.5035714,15:00_15/12/2021,128,188,194
159,1138.090714,99.75428571,182.7471429,16:00_15/12/2021,123,182,181
161,955.8907143,97.795,180.2907143,17:00_15/12/2021,134,184,183
172,1016.834286,115.5207143,213.1628571,18:00_15/12/2021,161,191,190
181,1012.113571,133.4071429,248.7414286,19:00_15/12/2021,181,201,197
189,1247.409286,149.7771429,279.7935714,20:00_15/12/2021,196,209,205
195,1266.798571,155.1342857,289.1114286,21:00_15/12/2021,204,221,211
200,1331.474286,157.4296429,294.3089286,22:00_15/12/2021,211,230,215
204,1334.075357,158.7089286,297.115,23:00_15/12/2021,220,238,218
198,1129.692143,138.4610714,257.3825,00:00_16/12/2021,208,226,213
185,908.4328571,94.81428571,173.5771429,01:00_16/12/2021,188,201,195
188,686.7904152,100.9736206,183.6580938,02:00_16/12/2021,228,194,178
165,688.2117321,84.646375,154.4363259,03:00_16/12/2021,198,172,160
153,666.069375,85.32966964,156.7865491,04:00_16/12/2021,189,161,154
149,708.2114107,89.829875,164.4890893,05:00_16/12/2021,183,154,149
178,1095.967317,122.5928616,226.9295134,06:00_16/12/2021,204,180,168
178,1080.384,120.0670089,224.8978706,07:00_16/12/2021,192,187,177
177,999.4824063,117.5084196,221.1585804,08:00_16/12/2021,190,187,179
171,1023.972857,117.4285714,220.4357143,09:00_16/12/2021,171,181,173
171,973.1085714,108.2614286,200.2557143,10:00_16/12/2021,175,177,166
171,1141.345714,111.0442857,207.1071429,11:00_16/12/2021,166,185,174
171,1024.018571,108.26,199.5085714,12:00_16/12/2021,165,186,179
167,1036.427143,99.02,182.2828571,13:00_16/12/2021,156,182,179
162,929.55,89.90428571,165.3957143,14:00_16/12/2021,150,176,174
146,875.1371429,71.55,131.0071429,15:00_16/12/2021,121,164,159
139,824.7014286,72.80857143,132.6271429,16:00_16/12/2021,112,159,148
144,835.58,78.25857143,141.2828571,17:00_16/12/2021,122,160,151
153,864.4957143,89.40714286,163.7714286,18:00_16/12/2021,144,160,160
160,987.98,105.2442857,193.7828571,19:00_16/12/2021,159,166,170
167,1091.001429,117.8171429,215.8114286,20:00_16/12/2021,170,175,186
181,1362.348571,147.0914286,275.6942857,21:00_16/12/2021,183,184,196
192,1304.548571,154.78,289.6285714,22:00_16/12/2021,198,196,203
192,1140.582857,136.8357143,252.8842857,23:00_16/12/2021,204,198,186
188,1001.965714,127.64,235.4285714,00:00_17/12/2021,199,189,168
184,888.68,120.7785714,220.9571429,01:00_17/12/2021,199,198,163
184,1139.87,126.2885714,232.03,02:00_17/12/2021,191,206,173
177,1168.312857,112.2885714,207.3485714,03:00_17/12/2021,173,198,178
173,1104.361429,107.39,199.5257143,04:00_17/12/2021,162,189,177
171,1064.862857,106.5885714,196.68,05:00_17/12/2021,158,188,187
170,1152.491429,107.6414286,199.4628571,06:00_17/12/2021,154,185,179
168,969.4414286,97.93,178.9871429,07:00_17/12/2021,155,182,171
167,897.9885714,97.53714286,179.2928571,08:00_17/12/2021,160,180,167
161,861.4014286,86.15714286,156.29,09:00_17/12/2021,155,177,164
160,810.2761905,81.88642857,149.1325,10:00_17/12/2021,157,169,159
135,617.6153571,53.36464286,94.63952379,11:00_17/12/2021,143,146,143
116,615.4601191,49.51726191,87.94630952,12:00_17/12/2021,126,127,134
104,607.757,42.47438095,74.87395238,13:00_17/12/2021,113,112,120
101,584.8059524,44.26833334,77.85833334,14:00_17/12/2021,121,106,113
95,591.8866666,43.14071429,75.87404762,15:00_17/12/2021,113,104,105
91,575.0554762,42.97,75.50047619,16:00_17/12/2021,111,98,101
94,584.3047619,48.84452381,86.20285714,17:00_17/12/2021,123,99,101
109,617.0671429,67.82261905,121.6030952,18:00_17/12/2021,150,111,112
118,614.2395238,79.52714286,144.0035714,19:00_17/12/2021,168,116,115
121,597.9642857,81.23285714,146.3897619,20:00_17/12/2021,181,120,116
121,590.1176191,77.08214286,139.8026191,21:00_17/12/2021,184,118,112
116,544.6107143,74.48880952,135.2,22:00_17/12/2021,190,110,102
116,540.8840476,78.14023807,143.1940476,23:00_17/12/2021,199,107,99
111,542.9769048,69.21047619,125.1707143,00:00_18/12/2021,192,103,93
128,557.4253452,91.11028571,166.6700238,01:00_18/12/2021,228,119,103
121,529.8613214,77.4704405,139.78775,02:00_18/12/2021,222,111,98
107,534.5528095,58.17638095,105.8442738,03:00_18/12/2021,193,102,89
102,532.4271429,60.59192857,109.5546309,04:00_18/12/2021,184,100,87
102,531.7932381,62.44957143,111.9663334,05:00_18/12/2021,182,99,87
111,545.0670595,64.37675,115.2263929,06:00_18/12/2021,200,106,91
108,554.6813334,62.90630952,112.4804881,07:00_18/12/2021,188,104,92
108,561.3903929,66.08526191,119.8311191,08:00_18/12/2021,182,103,92
101,544.78025,50.96022619,90.4956905,09:00_18/12/2021,168,95,85
97,547.3157064,45.93720635,81.30636111,10:00_18/12/2021,157,90,82
92,545.702377,43.33348809,76.64615873,11:00_18/12/2021,144,85,79
86,547.9248135,39.57028174,69.54930556,12:00_18/12/2021,129,95,77
82,527.3393174,35.32396031,62.28711111,13:00_18/12/2021,125,129,75
84,542.0013889,38.83968254,68.71154762,14:00_18/12/2021,129,125,76
81,533.3264286,37.06888889,65.01575397,15:00_18/12/2021,121,120,75
79,544.8305952,37.92884921,65.88956349,16:00_18/12/2021,116,114,74
85,557.4877778,46.12531746,81.9281746,17:00_18/12/2021,126,119,80
101,590.7287699,65.19714286,117.7010317,18:00_18/12/2021,149,135,106
114,611.3296429,79.63214286,144.5470238,19:00_18/12/2021,165,146,132
127,652.0586905,89.5875,162.643373,20:00_18/12/2021,178,154,133
135,669.9443651,91.17317457,165.6472222,21:00_18/12/2021,186,157,134
142,687.6351587,98.01261907,179.8442064,22:00_18/12/2021,193,156,125
141,629.8186111,92.94936507,169.6959921,23:00_18/12/2021,199,156,124
135,625.4990476,83.09519841,150.7590476,00:00_19/12/2021,191,165,126
125,591.9417064,61.19166666,110.5326984,01:00_19/12/2021,178,168,119
131,578.1633324,76.66832639,139.0329752,02:00_19/12/2021,202,171,120
117,563.6799246,60.03595635,109.2175903,03:00_19/12/2021,178,174,107
109,555.4901786,58.9810496,106.1496439,04:00_19/12/2021,169,176,103
